[
  {
    "id": "14eadf39-592b-4b0f-9601-687febfdffda",
    "data": [
      {
        "text": "are you a bot",
        "userDefined": false
      }
    ],
    "isTemplate": false,
    "count": 0
  },
  {
    "id": "2baa0a8b-e63e-4449-9496-a5e4a07553cb",
    "data": [
      {
        "text": "your purpose",
        "userDefined": false
      }
    ],
    "isTemplate": false,
    "count": 0,
    "updated": 1509804131
  },
  {
    "id": "cfca07e4-a94b-443e-a0d1-78976b9e5a5d",
    "data": [
      {
        "text": "you do",
        "userDefined": false
      }
    ],
    "isTemplate": false,
    "count": 0,
    "updated": 1509804131
  },
  {
    "id": "a6efbe14-2b9d-4b17-a7fa-d13b2e34d90f",
    "data": [
      {
        "text": "what are you",
        "userDefined": false
      }
    ],
    "isTemplate": false,
    "count": 0,
    "updated": 1509804131
  }
]