[
  {
    "id": "901840e9-059d-4d32-b08f-884cf4e3b0b1",
    "data": [
      {
        "text": "How did you come about?",
        "userDefined": false
      }
    ],
    "isTemplate": false,
    "count": 0
  },
  {
    "id": "d598c7e3-41fc-45bc-a79e-216b4aa72561",
    "data": [
      {
        "text": "Where did you come from?",
        "userDefined": false
      }
    ],
    "isTemplate": false,
    "count": 0
  },
  {
    "id": "93757d89-64a8-4643-9855-37055cb19ccc",
    "data": [
      {
        "text": "How were you ",
        "userDefined": false
      },
      {
        "text": "created",
        "alias": "Category",
        "meta": "@Category",
        "userDefined": true
      },
      {
        "text": "?",
        "userDefined": false
      }
    ],
    "isTemplate": false,
    "count": 0
  },
  {
    "id": "cb63278b-8f00-4e23-84ac-51a27abf57eb",
    "data": [
      {
        "text": "Who ",
        "userDefined": false
      },
      {
        "text": "created",
        "alias": "Category",
        "meta": "@Category",
        "userDefined": true
      },
      {
        "text": " you?",
        "userDefined": false
      }
    ],
    "isTemplate": false,
    "count": 0
  }
]