[
  {
    "id": "55b78d6d-0a80-4172-bade-35c6566be0b3",
    "data": [
      {
        "text": "are there any ",
        "userDefined": false
      },
      {
        "text": "autism",
        "alias": "category",
        "meta": "@Category",
        "userDefined": false
      },
      {
        "text": " events",
        "userDefined": false
      }
    ],
    "isTemplate": false,
    "count": 0
  },
  {
    "id": "76ca56e4-ba8d-4cf4-93a9-8df2d9dc451b",
    "data": [
      {
        "text": "autism",
        "alias": "category",
        "meta": "@Category",
        "userDefined": false
      },
      {
        "text": " event",
        "userDefined": false
      }
    ],
    "isTemplate": false,
    "count": 0
  },
  {
    "id": "d6c66384-7236-4fdb-b589-dd403d7e59da",
    "data": [
      {
        "text": "autism",
        "alias": "category",
        "meta": "@Category",
        "userDefined": false
      },
      {
        "text": " events around me",
        "userDefined": false
      }
    ],
    "isTemplate": false,
    "count": 0
  },
  {
    "id": "38b7f546-4458-43b1-b42a-69ba72a19bd8",
    "data": [
      {
        "text": "find events ",
        "userDefined": false
      },
      {
        "text": "autism",
        "alias": "category",
        "meta": "@Category",
        "userDefined": false
      }
    ],
    "isTemplate": false,
    "count": 0
  },
  {
    "id": "e029bf85-f024-494c-a152-eddc7180507d",
    "data": [
      {
        "text": "events on ",
        "userDefined": false
      },
      {
        "text": "autism",
        "alias": "category",
        "meta": "@Category",
        "userDefined": false
      }
    ],
    "isTemplate": false,
    "count": 0
  }
]