[
  {
    "id": "1ac1b489-556d-46e1-8bd6-19a38e40ff0e",
    "data": [
      {
        "text": "family",
        "alias": "family",
        "meta": "@Category",
        "userDefined": true
      },
      {
        "text": " ",
        "userDefined": false
      },
      {
        "text": "autistic",
        "alias": "autistic",
        "meta": "@Category",
        "userDefined": true
      }
    ],
    "isTemplate": false,
    "count": 0
  },
  {
    "id": "654f9070-9d22-4118-86ec-ff4465684550",
    "data": [
      {
        "text": "I\u0027m afraid my ",
        "userDefined": false
      },
      {
        "text": "family",
        "alias": "family",
        "meta": "@Category",
        "userDefined": true
      },
      {
        "text": " may be ",
        "userDefined": false
      },
      {
        "text": "autistic",
        "alias": "autistic",
        "meta": "@Category",
        "userDefined": true
      }
    ],
    "isTemplate": false,
    "count": 0
  },
  {
    "id": "6fdc1b6a-0ead-4d49-9988-88fceefe49f1",
    "data": [
      {
        "text": "I\u0027m worried my ",
        "userDefined": false
      },
      {
        "text": "family",
        "alias": "family",
        "meta": "@Category",
        "userDefined": true
      },
      {
        "text": " is ",
        "userDefined": false
      },
      {
        "text": "autistic",
        "alias": "autistic",
        "meta": "@Category",
        "userDefined": true
      }
    ],
    "isTemplate": false,
    "count": 0
  },
  {
    "id": "735f7cb3-cb28-4d3f-abf1-0094aa02b7de",
    "data": [
      {
        "text": "I think my ",
        "userDefined": false
      },
      {
        "text": "family",
        "alias": "family",
        "meta": "@Category",
        "userDefined": true
      },
      {
        "text": " may be ",
        "userDefined": false
      },
      {
        "text": "autistic",
        "alias": "autistic",
        "meta": "@Category",
        "userDefined": true
      }
    ],
    "isTemplate": false,
    "count": 0
  },
  {
    "id": "6a482ecc-37c0-4ffc-9039-4b6fef798a16",
    "data": [
      {
        "text": "I think my ",
        "userDefined": false
      },
      {
        "text": "family",
        "alias": "family",
        "meta": "@Category",
        "userDefined": true
      },
      {
        "text": " is ",
        "userDefined": false
      },
      {
        "text": "autistic",
        "alias": "autistic",
        "meta": "@Category",
        "userDefined": true
      }
    ],
    "isTemplate": false,
    "count": 0
  },
  {
    "id": "649eab19-8cd1-4981-8184-55fdf4b55aa4",
    "data": [
      {
        "text": "my ",
        "userDefined": false
      },
      {
        "text": "family",
        "alias": "family",
        "meta": "@Category",
        "userDefined": true
      },
      {
        "text": " is ",
        "userDefined": false
      },
      {
        "text": "autistic",
        "alias": "autistic",
        "meta": "@Category",
        "userDefined": true
      }
    ],
    "isTemplate": false,
    "count": 0
  }
]