[
  {
    "id": "ece25cec-33c6-4a4c-b751-701a09fac9f5",
    "data": [
      {
        "text": "information ",
        "userDefined": false
      },
      {
        "text": "autism",
        "alias": "category",
        "meta": "@Category",
        "userDefined": false
      }
    ],
    "isTemplate": false,
    "count": 0
  },
  {
    "id": "f058602a-feb5-463f-bc5f-1119e06553a5",
    "data": [
      {
        "text": "give me more info on ",
        "userDefined": false
      },
      {
        "text": "autism",
        "alias": "category",
        "meta": "@Category",
        "userDefined": false
      }
    ],
    "isTemplate": false,
    "count": 0
  },
  {
    "id": "92f89ce5-dba0-4331-acd2-10c00361cb59",
    "data": [
      {
        "text": "i do not understand ",
        "userDefined": false
      },
      {
        "text": "autism",
        "alias": "category",
        "meta": "@Category",
        "userDefined": false
      }
    ],
    "isTemplate": false,
    "count": 0
  },
  {
    "id": "8ec1d00c-cc44-4f6c-8b7a-d7d446499bae",
    "data": [
      {
        "text": "i don\u0027t understand ",
        "userDefined": false
      },
      {
        "text": "autism",
        "alias": "category",
        "meta": "@Category",
        "userDefined": true
      }
    ],
    "isTemplate": false,
    "count": 0
  },
  {
    "id": "4a8e7615-ec3e-419c-839f-77699517d2cf",
    "data": [
      {
        "text": "need help ",
        "userDefined": false
      },
      {
        "text": "autism",
        "alias": "category",
        "meta": "@Category",
        "userDefined": true
      }
    ],
    "isTemplate": false,
    "count": 0
  },
  {
    "id": "ae7cd816-f4f5-4fa9-987e-f482c028bd28",
    "data": [
      {
        "text": "help me with ",
        "userDefined": false
      },
      {
        "text": "autism",
        "alias": "category",
        "meta": "@Category",
        "userDefined": false
      }
    ],
    "isTemplate": false,
    "count": 0
  },
  {
    "id": "c1f46e66-d1db-43df-8a55-cc58b1c5ef98",
    "data": [
      {
        "text": "help me ",
        "userDefined": false
      },
      {
        "text": "autism",
        "alias": "category",
        "meta": "@Category",
        "userDefined": false
      }
    ],
    "isTemplate": false,
    "count": 0
  },
  {
    "id": "b1abe68a-d451-4c9e-b695-a31a74bd2ff3",
    "data": [
      {
        "text": "info on ",
        "userDefined": false
      },
      {
        "text": "autism",
        "alias": "category",
        "meta": "@Category",
        "userDefined": true
      }
    ],
    "isTemplate": false,
    "count": 1
  },
  {
    "id": "b5d0a02b-da1a-405f-80fc-16d215078432",
    "data": [
      {
        "text": "i need info on ",
        "userDefined": false
      },
      {
        "text": "autism",
        "alias": "category",
        "meta": "@Category",
        "userDefined": true
      }
    ],
    "isTemplate": false,
    "count": 0
  },
  {
    "id": "eaedc2d9-f472-406d-86f8-ccdd0828b652",
    "data": [
      {
        "text": "info ",
        "userDefined": false
      },
      {
        "text": "autism",
        "alias": "category",
        "meta": "@Category",
        "userDefined": true
      }
    ],
    "isTemplate": false,
    "count": 0,
    "updated": 1509765290
  },
  {
    "id": "aa2f8d1a-f52b-43ba-8556-239c4c5fa2c6",
    "data": [
      {
        "text": "more info ",
        "userDefined": false
      },
      {
        "text": "autism",
        "alias": "category",
        "meta": "@Category",
        "userDefined": true
      }
    ],
    "isTemplate": false,
    "count": 0,
    "updated": 1509765290
  }
]