[
  {
    "value": "symptons",
    "synonyms": [
      "symptons"
    ]
  },
  {
    "value": "treatments",
    "synonyms": [
      "treatments"
    ]
  },
  {
    "value": "therapy",
    "synonyms": [
      "therapy"
    ]
  },
  {
    "value": "support",
    "synonyms": [
      "support"
    ]
  },
  {
    "value": "diagnosis",
    "synonyms": [
      "diagnosis"
    ]
  },
  {
    "value": "therapist",
    "synonyms": [
      "therapist"
    ]
  },
  {
    "value": "counsellor",
    "synonyms": [
      "counsellor"
    ]
  },
  {
    "value": "IEP",
    "synonyms": [
      "IEP",
      "ieps"
    ]
  },
  {
    "value": "IPRC",
    "synonyms": [
      "IPRC"
    ]
  },
  {
    "value": "family",
    "synonyms": [
      "mother",
      "father",
      "sister",
      "family member",
      "friend",
      "brother",
      "son",
      "daughter",
      "cousin",
      "person I know",
      "someone I know"
    ]
  },
  {
    "value": "autistic",
    "synonyms": [
      "is autistic",
      "are autistic",
      "have autism",
      "have aspergers",
      "have Asperger",
      "autistic",
      "autism",
      "asperger",
      "aspergers",
      "is on the spectrum",
      "is on the autistic spectrum",
      "is on the autism spectrum"
    ]
  },
  {
    "value": "age",
    "synonyms": [
      "old",
      "years old",
      "age"
    ]
  },
  {
    "value": "social skills",
    "synonyms": [
      "cooking",
      "eye contact",
      "friends",
      "social skills"
    ]
  },
  {
    "value": "red flags",
    "synonyms": [
      "red flags"
    ]
  },
  {
    "value": "red flag",
    "synonyms": [
      "red flag"
    ]
  },
  {
    "value": "acronyms",
    "synonyms": [
      "acronyms"
    ]
  },
  {
    "value": "agreement",
    "synonyms": [
      "I agree"
    ]
  },
  {
    "value": "created",
    "synonyms": [
      "created",
      "made",
      "formed"
    ]
  }
]